fixture_id,fixture_opta_id,gameweek,team_h_id,team_h_opta_id,team_h_name,team_h_short_name,team_a_id,team_a_opta_id,team_a_name,team_a_short_name,team_h_score,team_a_score,kickoff_time,finished,started,team_h_difficulty,team_a_difficulty
1,2615244,1,16,2961,Degerfors IF,DEG,3,3056,IK Sirius,IKS,0,3,2026-04-04T13:00:00Z,True,True,,
2,2615239,1,2,1987,Hammarby,HAM,14,2360,Mjällby AIF,MAIF,3,0,2026-04-04T13:00:00Z,True,True,,
3,2615238,1,12,195,AIK,AIK,15,466,Halmstads BK,HBK,2,1,2026-04-05T12:00:00Z,True,True,,
4,2615245,1,10,2594,Kalmar FF,KFF,29,6211,Västerås SK,VSK,0,1,2026-04-05T12:00:00Z,True,True,,
5,2615241,1,25,417,Örgryte IS,ÖIS,1,993,Malmö FF,MFF,1,1,2026-04-05T14:30:00Z,True,True,,
8,2615242,1,6,1959,BK Häcken,BKH,21,2352,BP,BP,2,2,2026-04-06T12:00:00Z,True,True,,
6,2615243,1,5,375,IF Elfsborg,IFE,4,244,IFK Göteborg,GBG,2,0,2026-04-06T12:00:00Z,True,True,,
7,2615240,1,30,670,GAIS,GAIS,7,1406,Djurgården,DIF,0,1,2026-04-06T14:30:00Z,True,True,,
9,2615247,2,4,244,IFK Göteborg,GBG,6,1959,BK Häcken,BKH,0,2,2026-04-11T13:00:00Z,True,True,,
10,2615248,2,14,2360,Mjällby AIF,MAIF,25,417,Örgryte IS,ÖIS,0,2,2026-04-11T13:00:00Z,True,True,,
11,2615252,2,29,6211,Västerås SK,VSK,5,375,IF Elfsborg,IFE,2,2,2026-04-11T13:00:00Z,True,True,,
12,2615246,2,7,1406,Djurgården,DIF,10,2594,Kalmar FF,KFF,3,2,2026-04-12T12:00:00Z,True,True,,
13,2615253,2,15,466,Halmstads BK,HBK,16,2961,Degerfors IF,DEG,0,3,2026-04-12T12:00:00Z,True,True,,
14,2615249,2,1,993,Malmö FF,MFF,30,670,GAIS,GAIS,3,1,2026-04-12T14:30:00Z,True,True,,
15,2615250,2,21,2352,BP,BP,12,195,AIK,AIK,2,2,2026-04-13T17:00:00Z,True,True,,
16,2615251,2,3,3056,IK Sirius,IKS,2,1987,Hammarby,HAM,2,0,2026-04-13T17:00:00Z,True,True,,
17,2615259,3,16,2961,Degerfors IF,DEG,5,375,IF Elfsborg,IFE,0,1,2026-04-17T17:00:00Z,True,True,,
18,2615255,3,7,1406,Djurgården,DIF,1,993,Malmö FF,MFF,0,1,2026-04-17T17:00:00Z,True,True,,
19,2615261,3,15,466,Halmstads BK,HBK,4,244,IFK Göteborg,GBG,1,1,2026-04-18T13:00:00Z,True,True,,
20,2615256,3,2,1987,Hammarby,HAM,25,417,Örgryte IS,ÖIS,8,1,2026-04-18T13:00:00Z,True,True,,
22,2615260,3,3,3056,IK Sirius,IKS,29,6211,Västerås SK,VSK,4,1,2026-04-18T13:00:00Z,True,True,,
21,2615258,3,14,2360,Mjällby AIF,MAIF,21,2352,BP,BP,3,0,2026-04-18T13:00:00Z,True,True,,
23,2615254,3,12,195,AIK,AIK,10,2594,Kalmar FF,KFF,1,0,2026-04-19T12:00:00Z,True,True,,
24,2615257,3,6,1959,BK Häcken,BKH,30,670,GAIS,GAIS,2,1,2026-04-19T14:30:00Z,True,True,,
26,2615262,4,2,1987,Hammarby,HAM,15,466,Halmstads BK,HBK,1,1,2026-04-22T17:00:00Z,True,True,,
25,2615266,4,5,375,IF Elfsborg,IFE,7,1406,Djurgården,DIF,2,1,2026-04-22T17:00:00Z,True,True,,
28,2615264,4,25,417,Örgryte IS,ÖIS,21,2352,BP,BP,1,2,2026-04-22T17:00:00Z,True,True,,
27,2615268,4,29,6211,Västerås SK,VSK,6,1959,BK Häcken,BKH,3,3,2026-04-22T17:00:00Z,True,True,,
29,2615267,4,16,2961,Degerfors IF,DEG,12,195,AIK,AIK,2,1,2026-04-23T17:00:00Z,True,True,,
30,2615263,4,30,670,GAIS,GAIS,14,2360,Mjällby AIF,MAIF,0,0,2026-04-23T17:00:00Z,True,True,,
31,2615269,4,10,2594,Kalmar FF,KFF,4,244,IFK Göteborg,GBG,1,1,2026-04-23T17:00:00Z,True,True,,
32,2615265,4,1,993,Malmö FF,MFF,3,3056,IK Sirius,IKS,2,3,2026-04-23T17:00:00Z,True,True,,
34,2615271,5,7,1406,Djurgården,DIF,2,1987,Hammarby,HAM,1,1,2026-04-26T12:00:00Z,True,True,,
33,2615276,5,21,2352,BP,BP,29,6211,Västerås SK,VSK,1,2,2026-04-26T14:30:00Z,True,True,,
35,2615272,5,4,244,IFK Göteborg,GBG,30,670,GAIS,GAIS,2,2,2026-04-26T14:30:00Z,True,True,,
36,2615270,5,12,195,AIK,AIK,1,993,Malmö FF,MFF,0,1,2026-04-27T17:00:00Z,True,True,,
37,2615274,5,6,1959,BK Häcken,BKH,3,3056,IK Sirius,IKS,2,2,2026-04-27T17:00:00Z,True,True,,
38,2615277,5,10,2594,Kalmar FF,KFF,5,375,IF Elfsborg,IFE,2,1,2026-04-27T17:00:00Z,True,True,,
39,2615275,5,14,2360,Mjällby AIF,MAIF,15,466,Halmstads BK,HBK,2,0,2026-04-27T17:00:00Z,True,True,,
40,2615273,5,25,417,Örgryte IS,ÖIS,16,2961,Degerfors IF,DEG,1,1,2026-04-27T17:00:00Z,True,True,,
41,2615283,6,16,2961,Degerfors IF,DEG,6,1959,BK Häcken,BKH,1,1,2026-05-02T13:00:00Z,True,True,,
42,2615284,6,3,3056,IK Sirius,IKS,10,2594,Kalmar FF,KFF,3,2,2026-05-02T13:00:00Z,True,True,,
45,2615279,6,2,1987,Hammarby,HAM,29,6211,Västerås SK,VSK,3,0,2026-05-03T12:00:00Z,True,True,,
46,2615281,6,1,993,Malmö FF,MFF,14,2360,Mjällby AIF,MAIF,2,3,2026-05-03T12:00:00Z,True,True,,
44,2615280,6,30,670,GAIS,GAIS,25,417,Örgryte IS,ÖIS,4,0,2026-05-03T14:30:00Z,True,True,,
43,2615282,6,5,375,IF Elfsborg,IFE,12,195,AIK,AIK,1,1,2026-05-03T14:30:00Z,True,True,,
47,2615278,6,7,1406,Djurgården,DIF,4,244,IFK Göteborg,GBG,6,0,2026-05-04T17:00:00Z,True,True,,
48,2615285,6,15,466,Halmstads BK,HBK,21,2352,BP,BP,1,3,2026-05-04T17:00:00Z,True,True,,
49,2615289,7,5,375,IF Elfsborg,IFE,21,2352,BP,BP,2,0,2026-05-08T17:00:00Z,True,True,,
50,2615290,7,16,2961,Degerfors IF,DEG,14,2360,Mjällby AIF,MAIF,1,4,2026-05-09T13:00:00Z,True,True,,
55,2615287,7,4,244,IFK Göteborg,GBG,2,1987,Hammarby,HAM,0,1,2026-05-09T13:00:00Z,True,True,,
51,2615292,7,29,6211,Västerås SK,VSK,30,670,GAIS,GAIS,0,1,2026-05-09T13:00:00Z,True,True,,
52,2615286,7,12,195,AIK,AIK,7,1406,Djurgården,DIF,2,4,2026-05-10T12:00:00Z,True,True,,
54,2615293,7,10,2594,Kalmar FF,KFF,15,466,Halmstads BK,HBK,2,0,2026-05-10T12:00:00Z,True,True,,
53,2615288,7,6,1959,BK Häcken,BKH,1,993,Malmö FF,MFF,3,2,2026-05-10T14:30:00Z,True,True,,
56,2615291,7,3,3056,IK Sirius,IKS,25,417,Örgryte IS,ÖIS,2,0,2026-05-11T17:00:00Z,True,True,,
57,2615296,8,30,670,GAIS,GAIS,16,2961,Degerfors IF,DEG,1,1,2026-05-16T13:00:00Z,True,True,,
58,2615301,8,15,466,Halmstads BK,HBK,5,375,IF Elfsborg,IFE,1,1,2026-05-16T13:00:00Z,True,True,,
59,2615299,8,21,2352,BP,BP,10,2594,Kalmar FF,KFF,1,0,2026-05-17T12:00:00Z,True,True,,
60,2615295,8,2,1987,Hammarby,HAM,1,993,Malmö FF,MFF,4,1,2026-05-17T12:00:00Z,True,True,,
61,2615298,8,14,2360,Mjällby AIF,MAIF,6,1959,BK Häcken,BKH,0,1,2026-05-17T14:30:00Z,True,True,,
63,2615300,8,29,6211,Västerås SK,VSK,12,195,AIK,AIK,1,1,2026-05-17T14:30:00Z,True,True,,
62,2615294,8,7,1406,Djurgården,DIF,3,3056,IK Sirius,IKS,2,3,2026-05-18T17:00:00Z,True,True,,
64,2615297,8,25,417,Örgryte IS,ÖIS,4,244,IFK Göteborg,GBG,2,3,2026-05-19T13:00:00Z,True,True,,
117,2615353,8,30,670,GAIS,GAIS,2,1987,Hammarby,HAM,2,0,2026-05-20T17:00:00Z,True,True,,
116,2615355,8,5,375,IF Elfsborg,IFE,14,2360,Mjällby AIF,MAIF,1,1,2026-05-21T17:00:00Z,True,True,,
65,2615302,9,7,1406,Djurgården,DIF,21,2352,BP,BP,1,2,2026-05-22T17:00:00Z,True,True,,
66,2615309,9,15,466,Halmstads BK,HBK,25,417,Örgryte IS,ÖIS,2,0,2026-05-23T13:00:00Z,True,True,,
67,2615308,9,10,2594,Kalmar FF,KFF,16,2961,Degerfors IF,DEG,2,1,2026-05-23T13:00:00Z,True,True,,
68,2615303,9,2,1987,Hammarby,HAM,12,195,AIK,AIK,1,2,2026-05-24T12:00:00Z,True,True,,
70,2615307,9,3,3056,IK Sirius,IKS,30,670,GAIS,GAIS,2,1,2026-05-24T12:00:00Z,True,True,,
69,2615305,9,1,993,Malmö FF,MFF,29,6211,Västerås SK,VSK,2,3,2026-05-24T14:30:00Z,True,True,,
71,2615306,9,5,375,IF Elfsborg,IFE,6,1959,BK Häcken,BKH,1,1,2026-05-25T17:00:00Z,True,True,,
72,2615304,9,4,244,IFK Göteborg,GBG,14,2360,Mjällby AIF,MAIF,1,1,2026-05-25T17:00:00Z,True,True,,
73,2615312,10,25,417,Örgryte IS,ÖIS,5,375,IF Elfsborg,IFE,2,2,2026-05-29T17:00:00Z,True,True,,
74,2615310,10,12,195,AIK,AIK,3,3056,IK Sirius,IKS,0,3,2026-05-30T13:00:00Z,True,True,,
75,2615311,10,30,670,GAIS,GAIS,10,2594,Kalmar FF,KFF,3,0,2026-05-30T13:00:00Z,True,True,,
76,2615315,10,1,993,Malmö FF,MFF,15,466,Halmstads BK,HBK,5,2,2026-05-30T13:00:00Z,True,True,,
78,2615313,10,6,1959,BK Häcken,BKH,2,1987,Hammarby,HAM,3,2,2026-05-31T12:00:00Z,True,True,,
77,2615316,10,16,2961,Degerfors IF,DEG,21,2352,BP,BP,2,2,2026-05-31T12:00:00Z,True,True,,
80,2615317,10,29,6211,Västerås SK,VSK,4,244,IFK Göteborg,GBG,4,5,2026-05-31T12:00:00Z,True,True,,
88,2615323,11,3,3056,IK Sirius,IKS,14,2360,Mjällby AIF,MAIF,4,4,2026-07-03T17:00:00Z,True,True,,
82,2615322,11,16,2961,Degerfors IF,DEG,1,993,Malmö FF,MFF,0,1,2026-07-04T13:00:00Z,True,True,,
84,2615325,11,15,466,Halmstads BK,HBK,29,6211,Västerås SK,VSK,1,3,2026-07-04T13:00:00Z,True,True,,
86,2615318,11,4,244,IFK Göteborg,GBG,12,195,AIK,AIK,1,2,2026-07-05T12:00:00Z,True,True,,
87,2615324,11,10,2594,Kalmar FF,KFF,25,417,Örgryte IS,ÖIS,3,0,2026-07-05T12:00:00Z,True,True,,
83,2615320,11,5,375,IF Elfsborg,IFE,2,1987,Hammarby,HAM,1,2,2026-07-05T14:30:00Z,True,True,,
85,2615319,11,6,1959,BK Häcken,BKH,7,1406,Djurgården,DIF,2,4,2026-07-06T17:00:00Z,True,True,,
81,2615321,11,21,2352,BP,BP,30,670,GAIS,GAIS,1,1,2026-07-06T17:00:00Z,True,True,,
94,2615330,12,14,2360,Mjällby AIF,MAIF,12,195,AIK,AIK,1,2,2026-07-11T13:00:00Z,True,True,,
96,2615329,12,25,417,Örgryte IS,ÖIS,6,1959,BK Häcken,BKH,4,3,2026-07-11T15:30:00Z,True,True,,
92,2615327,12,2,1987,Hammarby,HAM,10,2594,Kalmar FF,KFF,2,0,2026-07-12T12:00:00Z,True,True,,
93,2615331,12,1,993,Malmö FF,MFF,4,244,IFK Göteborg,GBG,4,0,2026-07-12T12:00:00Z,True,True,,
95,2615333,12,29,6211,Västerås SK,VSK,16,2961,Degerfors IF,DEG,2,0,2026-07-12T12:00:00Z,True,True,,
89,2615332,12,21,2352,BP,BP,3,3056,IK Sirius,IKS,1,2,2026-07-12T14:30:00Z,True,True,,
91,2615328,12,30,670,GAIS,GAIS,5,375,IF Elfsborg,IFE,1,0,2026-07-12T14:30:00Z,True,True,,
90,2615326,12,7,1406,Djurgården,DIF,15,466,Halmstads BK,HBK,3,0,2026-07-13T17:00:00Z,True,True,,
101,2615336,13,4,244,IFK Göteborg,GBG,21,2352,BP,BP,2,1,2026-07-17T17:00:00Z,True,True,,
103,2615338,13,14,2360,Mjällby AIF,MAIF,29,6211,Västerås SK,VSK,0,0,2026-07-17T17:00:00Z,True,True,,
97,2615334,13,12,195,AIK,AIK,30,670,GAIS,GAIS,2,0,2026-07-18T13:00:00Z,True,True,,
99,2615341,13,15,466,Halmstads BK,HBK,6,1959,BK Häcken,BKH,0,2,2026-07-19T14:30:00Z,True,True,,
100,2615335,13,2,1987,Hammarby,HAM,16,2961,Degerfors IF,DEG,4,0,2026-07-19T14:30:00Z,True,True,,
98,2615339,13,5,375,IF Elfsborg,IFE,3,3056,IK Sirius,IKS,1,3,2026-07-19T14:30:00Z,True,True,,
102,2615340,13,10,2594,Kalmar FF,KFF,1,993,Malmö FF,MFF,2,2,2026-07-20T17:00:00Z,True,True,,
104,2615337,13,25,417,Örgryte IS,ÖIS,7,1406,Djurgården,DIF,0,0,2026-07-20T17:00:00Z,True,True,,
112,2615348,14,29,6211,Västerås SK,VSK,25,417,Örgryte IS,ÖIS,,,2026-07-24T17:00:00Z,False,False,,
106,2615346,14,16,2961,Degerfors IF,DEG,7,1406,Djurgården,DIF,,,2026-07-25T13:00:00Z,False,False,,
109,2615349,14,10,2594,Kalmar FF,KFF,14,2360,Mjällby AIF,MAIF,,,2026-07-25T15:30:00Z,False,False,,
105,2615345,14,21,2352,BP,BP,2,1987,Hammarby,HAM,,,2026-07-26T12:00:00Z,False,False,,
111,2615347,14,3,3056,IK Sirius,IKS,4,244,IFK Göteborg,GBG,,,2026-07-26T12:00:00Z,False,False,,
107,2615342,14,30,670,GAIS,GAIS,15,466,Halmstads BK,HBK,,,2026-07-26T14:30:00Z,False,False,,
110,2615344,14,1,993,Malmö FF,MFF,5,375,IF Elfsborg,IFE,,,2026-07-26T14:30:00Z,False,False,,
108,2615343,14,6,1959,BK Häcken,BKH,12,195,AIK,AIK,,,2026-07-27T17:00:00Z,False,False,,
119,2615354,15,6,1959,BK Häcken,BKH,10,2594,Kalmar FF,KFF,,,2026-08-01T13:00:00Z,False,False,,
114,2615356,15,21,2352,BP,BP,1,993,Malmö FF,MFF,,,2026-08-02T12:00:00Z,False,False,,
120,2615352,15,4,244,IFK Göteborg,GBG,16,2961,Degerfors IF,DEG,,,2026-08-02T12:00:00Z,False,False,,
113,2615350,15,12,195,AIK,AIK,25,417,Örgryte IS,ÖIS,,,2026-08-02T14:30:00Z,False,False,,
115,2615351,15,7,1406,Djurgården,DIF,29,6211,Västerås SK,VSK,,,2026-08-03T17:00:00Z,False,False,,
118,2615357,15,15,466,Halmstads BK,HBK,3,3056,IK Sirius,IKS,,,2026-08-03T17:00:00Z,False,False,,
128,2615360,16,25,417,Örgryte IS,ÖIS,12,195,AIK,AIK,,,2026-08-08T13:00:00Z,False,False,,
125,2615361,16,14,2360,Mjällby AIF,MAIF,5,375,IF Elfsborg,IFE,,,2026-08-08T15:30:00Z,False,False,,
122,2615358,16,2,1987,Hammarby,HAM,6,1959,BK Häcken,BKH,,,2026-08-09T12:00:00Z,False,False,,
124,2615362,16,1,993,Malmö FF,MFF,16,2961,Degerfors IF,DEG,,,2026-08-09T12:00:00Z,False,False,,
121,2615365,16,15,466,Halmstads BK,HBK,30,670,GAIS,GAIS,,,2026-08-09T14:30:00Z,False,False,,
123,2615359,16,4,244,IFK Göteborg,GBG,10,2594,Kalmar FF,KFF,,,2026-08-09T14:30:00Z,False,False,,
126,2615363,16,3,3056,IK Sirius,IKS,21,2352,BP,BP,,,2026-08-10T17:00:00Z,False,False,,
127,2615364,16,29,6211,Västerås SK,VSK,7,1406,Djurgården,DIF,,,2026-08-10T17:00:00Z,False,False,,
132,2615370,17,5,375,IF Elfsborg,IFE,29,6211,Västerås SK,VSK,,,2026-08-14T17:00:00Z,False,False,,
136,2615369,17,14,2360,Mjällby AIF,MAIF,3,3056,IK Sirius,IKS,,,2026-08-15T13:00:00Z,False,False,,
129,2615371,17,21,2352,BP,BP,25,417,Örgryte IS,ÖIS,,,2026-08-16T12:00:00Z,False,False,,
130,2615372,17,16,2961,Degerfors IF,DEG,4,244,IFK Göteborg,GBG,,,2026-08-16T12:00:00Z,False,False,,
131,2615366,17,7,1406,Djurgården,DIF,12,195,AIK,AIK,,,2026-08-16T12:00:00Z,False,False,,
133,2615367,17,30,670,GAIS,GAIS,1,993,Malmö FF,MFF,,,2026-08-16T14:30:00Z,False,False,,
135,2615373,17,10,2594,Kalmar FF,KFF,2,1987,Hammarby,HAM,,,2026-08-16T14:30:00Z,False,False,,
134,2615368,17,6,1959,BK Häcken,BKH,15,466,Halmstads BK,HBK,,,2026-08-17T17:00:00Z,False,False,,
142,2615380,18,3,3056,IK Sirius,IKS,6,1959,BK Häcken,BKH,,,2026-08-21T17:00:00Z,False,False,,
144,2615377,18,25,417,Örgryte IS,ÖIS,15,466,Halmstads BK,HBK,,,2026-08-22T13:00:00Z,False,False,,
140,2615376,18,4,244,IFK Göteborg,GBG,5,375,IF Elfsborg,IFE,,,2026-08-23T12:00:00Z,False,False,,
143,2615381,18,29,6211,Västerås SK,VSK,10,2594,Kalmar FF,KFF,,,2026-08-23T12:00:00Z,False,False,,
138,2615379,18,21,2352,BP,BP,16,2961,Degerfors IF,DEG,,,2026-08-23T14:30:00Z,False,False,,
139,2615375,18,2,1987,Hammarby,HAM,30,670,GAIS,GAIS,,,2026-08-23T14:30:00Z,False,False,,
141,2615378,18,1,993,Malmö FF,MFF,7,1406,Djurgården,DIF,,,2026-08-24T17:00:00Z,False,False,,
150,2615386,19,6,1959,BK Häcken,BKH,29,6211,Västerås SK,VSK,,,2026-08-29T13:00:00Z,False,False,,
147,2615387,19,5,375,IF Elfsborg,IFE,16,2961,Degerfors IF,DEG,,,2026-08-29T13:00:00Z,False,False,,
149,2615389,19,15,466,Halmstads BK,HBK,10,2594,Kalmar FF,KFF,,,2026-08-29T15:30:00Z,False,False,,
145,2615382,19,12,195,AIK,AIK,2,1987,Hammarby,HAM,,,2026-08-30T12:00:00Z,False,False,,
151,2615384,19,4,244,IFK Göteborg,GBG,25,417,Örgryte IS,ÖIS,,,2026-08-30T14:30:00Z,False,False,,
146,2615383,19,7,1406,Djurgården,DIF,14,2360,Mjällby AIF,MAIF,,,2026-08-31T17:00:00Z,False,False,,
148,2615385,19,30,670,GAIS,GAIS,21,2352,BP,BP,,,2026-08-31T17:00:00Z,False,False,,
152,2615388,19,3,3056,IK Sirius,IKS,1,993,Malmö FF,MFF,,,2026-08-31T17:00:00Z,False,False,,
79,2615314,19,14,2360,Mjällby AIF,MAIF,7,1406,Djurgården,DIF,,,2026-09-03T17:00:00Z,False,False,,
154,2615395,20,16,2961,Degerfors IF,DEG,15,466,Halmstads BK,HBK,,,2026-09-05T13:00:00Z,False,False,,
155,2615390,20,30,670,GAIS,GAIS,6,1959,BK Häcken,BKH,,,2026-09-05T13:00:00Z,False,False,,
159,2615396,20,29,6211,Västerås SK,VSK,3,3056,IK Sirius,IKS,,,2026-09-05T15:30:00Z,False,False,,
160,2615391,20,25,417,Örgryte IS,ÖIS,2,1987,Hammarby,HAM,,,2026-09-06T12:00:00Z,False,False,,
153,2615394,20,21,2352,BP,BP,5,375,IF Elfsborg,IFE,,,2026-09-06T14:30:00Z,False,False,,
156,2615397,20,10,2594,Kalmar FF,KFF,7,1406,Djurgården,DIF,,,2026-09-07T17:00:00Z,False,False,,
157,2615393,20,1,993,Malmö FF,MFF,12,195,AIK,AIK,,,2026-09-07T17:00:00Z,False,False,,
158,2615392,20,14,2360,Mjällby AIF,MAIF,4,244,IFK Göteborg,GBG,,,2026-09-07T17:00:00Z,False,False,,
165,2615402,21,6,1959,BK Häcken,BKH,14,2360,Mjällby AIF,MAIF,,,2026-09-11T17:00:00Z,False,False,,
161,2615398,21,12,195,AIK,AIK,29,6211,Västerås SK,VSK,,,2026-09-12T13:00:00Z,False,False,,
166,2615401,21,4,244,IFK Göteborg,GBG,15,466,Halmstads BK,HBK,,,2026-09-12T15:30:00Z,False,False,,
164,2615400,21,2,1987,Hammarby,HAM,21,2352,BP,BP,,,2026-09-13T12:00:00Z,False,False,,
163,2615404,21,5,375,IF Elfsborg,IFE,10,2594,Kalmar FF,KFF,,,2026-09-13T12:00:00Z,False,False,,
167,2615403,21,1,993,Malmö FF,MFF,25,417,Örgryte IS,ÖIS,,,2026-09-13T14:30:00Z,False,False,,
162,2615399,21,7,1406,Djurgården,DIF,30,670,GAIS,GAIS,,,2026-09-14T17:00:00Z,False,False,,
168,2615405,21,3,3056,IK Sirius,IKS,16,2961,Degerfors IF,DEG,,,2026-09-14T17:00:00Z,False,False,,
137,2615374,21,12,195,AIK,AIK,14,2360,Mjällby AIF,MAIF,,,2026-09-16T17:00:00Z,False,False,,
169,2615409,22,21,2352,BP,BP,4,244,IFK Göteborg,GBG,,,2026-09-19T13:00:00Z,False,False,,
175,2615411,22,29,6211,Västerås SK,VSK,1,993,Malmö FF,MFF,,,2026-09-19T13:00:00Z,False,False,,
176,2615407,22,25,417,Örgryte IS,ÖIS,3,3056,IK Sirius,IKS,,,2026-09-19T15:30:00Z,False,False,,
171,2615406,22,7,1406,Djurgården,DIF,5,375,IF Elfsborg,IFE,,,2026-09-20T12:00:00Z,False,False,,
172,2615413,22,15,466,Halmstads BK,HBK,12,195,AIK,AIK,,,2026-09-20T12:00:00Z,False,False,,
173,2615412,22,10,2594,Kalmar FF,KFF,6,1959,BK Häcken,BKH,,,2026-09-20T12:00:00Z,False,False,,
170,2615410,22,16,2961,Degerfors IF,DEG,2,1987,Hammarby,HAM,,,2026-09-20T14:30:00Z,False,False,,
174,2615408,22,14,2360,Mjällby AIF,MAIF,30,670,GAIS,GAIS,,,2026-09-20T14:30:00Z,False,False,,
182,2615416,23,4,244,IFK Göteborg,GBG,29,6211,Västerås SK,VSK,,,2026-10-09T17:00:00Z,False,False,,
177,2615414,23,12,195,AIK,AIK,21,2352,BP,BP,,,2026-10-10T13:00:00Z,False,False,,
179,2615417,23,30,670,GAIS,GAIS,3,3056,IK Sirius,IKS,,,2026-10-10T13:00:00Z,False,False,,
184,2615419,23,14,2360,Mjällby AIF,MAIF,16,2961,Degerfors IF,DEG,,,2026-10-10T15:30:00Z,False,False,,
180,2615415,23,2,1987,Hammarby,HAM,7,1406,Djurgården,DIF,,,2026-10-11T12:00:00Z,False,False,,
181,2615418,23,6,1959,BK Häcken,BKH,25,417,Örgryte IS,ÖIS,,,2026-10-11T14:30:00Z,False,False,,
178,2615421,23,5,375,IF Elfsborg,IFE,15,466,Halmstads BK,HBK,,,2026-10-12T17:00:00Z,False,False,,
183,2615420,23,1,993,Malmö FF,MFF,10,2594,Kalmar FF,KFF,,,2026-10-12T17:00:00Z,False,False,,
185,2615422,24,12,195,AIK,AIK,4,244,IFK Göteborg,GBG,,,2026-10-17T23:00:00Z,False,False,,
186,2615425,24,21,2352,BP,BP,7,1406,Djurgården,DIF,,,2026-10-17T23:00:00Z,False,False,,
187,2615426,24,16,2961,Degerfors IF,DEG,10,2594,Kalmar FF,KFF,,,2026-10-17T23:00:00Z,False,False,,
188,2615429,24,15,466,Halmstads BK,HBK,2,1987,Hammarby,HAM,,,2026-10-17T23:00:00Z,False,False,,
190,2615427,24,3,3056,IK Sirius,IKS,5,375,IF Elfsborg,IFE,,,2026-10-17T23:00:00Z,False,False,,
189,2615424,24,1,993,Malmö FF,MFF,6,1959,BK Häcken,BKH,,,2026-10-17T23:00:00Z,False,False,,
192,2615423,24,25,417,Örgryte IS,ÖIS,30,670,GAIS,GAIS,,,2026-10-17T23:00:00Z,False,False,,
191,2615428,24,29,6211,Västerås SK,VSK,14,2360,Mjällby AIF,MAIF,,,2026-10-17T23:00:00Z,False,False,,
196,2615432,25,6,1959,BK Häcken,BKH,16,2961,Degerfors IF,DEG,,,2026-10-24T23:00:00Z,False,False,,
193,2615430,25,7,1406,Djurgården,DIF,25,417,Örgryte IS,ÖIS,,,2026-10-24T23:00:00Z,False,False,,
195,2615431,25,30,670,GAIS,GAIS,4,244,IFK Göteborg,GBG,,,2026-10-24T23:00:00Z,False,False,,
194,2615434,25,5,375,IF Elfsborg,IFE,1,993,Malmö FF,MFF,,,2026-10-24T23:00:00Z,False,False,,
199,2615435,25,3,3056,IK Sirius,IKS,12,195,AIK,AIK,,,2026-10-24T23:00:00Z,False,False,,
197,2615437,25,10,2594,Kalmar FF,KFF,21,2352,BP,BP,,,2026-10-24T23:00:00Z,False,False,,
198,2615433,25,14,2360,Mjällby AIF,MAIF,2,1987,Hammarby,HAM,,,2026-10-24T23:00:00Z,False,False,,
200,2615436,25,29,6211,Västerås SK,VSK,15,466,Halmstads BK,HBK,,,2026-10-24T23:00:00Z,False,False,,
201,2615438,26,12,195,AIK,AIK,5,375,IF Elfsborg,IFE,,,2026-10-28T00:00:00Z,False,False,,
202,2615442,26,21,2352,BP,BP,6,1959,BK Häcken,BKH,,,2026-10-28T00:00:00Z,False,False,,
203,2615443,26,16,2961,Degerfors IF,DEG,29,6211,Västerås SK,VSK,,,2026-10-28T00:00:00Z,False,False,,
204,2615445,26,15,466,Halmstads BK,HBK,1,993,Malmö FF,MFF,,,2026-10-28T00:00:00Z,False,False,,
205,2615439,26,2,1987,Hammarby,HAM,3,3056,IK Sirius,IKS,,,2026-10-28T00:00:00Z,False,False,,
206,2615440,26,4,244,IFK Göteborg,GBG,7,1406,Djurgården,DIF,,,2026-10-28T00:00:00Z,False,False,,
207,2615444,26,10,2594,Kalmar FF,KFF,30,670,GAIS,GAIS,,,2026-10-28T00:00:00Z,False,False,,
208,2615441,26,25,417,Örgryte IS,ÖIS,14,2360,Mjällby AIF,MAIF,,,2026-10-28T00:00:00Z,False,False,,
212,2615448,27,6,1959,BK Häcken,BKH,4,244,IFK Göteborg,GBG,,,2026-11-01T00:00:00Z,False,False,,
209,2615446,27,7,1406,Djurgården,DIF,16,2961,Degerfors IF,DEG,,,2026-11-01T00:00:00Z,False,False,,
211,2615447,27,30,670,GAIS,GAIS,12,195,AIK,AIK,,,2026-11-01T00:00:00Z,False,False,,
210,2615451,27,5,375,IF Elfsborg,IFE,25,417,Örgryte IS,ÖIS,,,2026-11-01T00:00:00Z,False,False,,
215,2615452,27,3,3056,IK Sirius,IKS,15,466,Halmstads BK,HBK,,,2026-11-01T00:00:00Z,False,False,,
213,2615450,27,1,993,Malmö FF,MFF,2,1987,Hammarby,HAM,,,2026-11-01T00:00:00Z,False,False,,
214,2615449,27,14,2360,Mjällby AIF,MAIF,10,2594,Kalmar FF,KFF,,,2026-11-01T00:00:00Z,False,False,,
216,2615453,27,29,6211,Västerås SK,VSK,21,2352,BP,BP,,,2026-11-01T00:00:00Z,False,False,,
217,2615454,28,12,195,AIK,AIK,6,1959,BK Häcken,BKH,,,2026-11-08T00:00:00Z,False,False,,
218,2615458,28,21,2352,BP,BP,14,2360,Mjällby AIF,MAIF,,,2026-11-08T00:00:00Z,False,False,,
219,2615459,28,16,2961,Degerfors IF,DEG,30,670,GAIS,GAIS,,,2026-11-08T00:00:00Z,False,False,,
220,2615461,28,15,466,Halmstads BK,HBK,7,1406,Djurgården,DIF,,,2026-11-08T00:00:00Z,False,False,,
221,2615455,28,2,1987,Hammarby,HAM,5,375,IF Elfsborg,IFE,,,2026-11-08T00:00:00Z,False,False,,
222,2615456,28,4,244,IFK Göteborg,GBG,1,993,Malmö FF,MFF,,,2026-11-08T00:00:00Z,False,False,,
223,2615460,28,10,2594,Kalmar FF,KFF,3,3056,IK Sirius,IKS,,,2026-11-08T00:00:00Z,False,False,,
224,2615457,28,25,417,Örgryte IS,ÖIS,29,6211,Västerås SK,VSK,,,2026-11-08T00:00:00Z,False,False,,
225,2615462,29,12,195,AIK,AIK,16,2961,Degerfors IF,DEG,,,2026-11-22T00:00:00Z,False,False,,
229,2615466,29,6,1959,BK Häcken,BKH,5,375,IF Elfsborg,IFE,,,2026-11-22T00:00:00Z,False,False,,
226,2615468,29,21,2352,BP,BP,15,466,Halmstads BK,HBK,,,2026-11-22T00:00:00Z,False,False,,
227,2615464,29,30,670,GAIS,GAIS,29,6211,Västerås SK,VSK,,,2026-11-22T00:00:00Z,False,False,,
228,2615463,29,2,1987,Hammarby,HAM,4,244,IFK Göteborg,GBG,,,2026-11-22T00:00:00Z,False,False,,
231,2615469,29,3,3056,IK Sirius,IKS,7,1406,Djurgården,DIF,,,2026-11-22T00:00:00Z,False,False,,
230,2615467,29,14,2360,Mjällby AIF,MAIF,1,993,Malmö FF,MFF,,,2026-11-22T00:00:00Z,False,False,,
232,2615465,29,25,417,Örgryte IS,ÖIS,10,2594,Kalmar FF,KFF,,,2026-11-22T00:00:00Z,False,False,,
233,2615474,30,16,2961,Degerfors IF,DEG,25,417,Örgryte IS,ÖIS,,,2026-11-29T00:00:00Z,False,False,,
234,2615470,30,7,1406,Djurgården,DIF,6,1959,BK Häcken,BKH,,,2026-11-29T00:00:00Z,False,False,,
236,2615477,30,15,466,Halmstads BK,HBK,14,2360,Mjällby AIF,MAIF,,,2026-11-29T00:00:00Z,False,False,,
235,2615473,30,5,375,IF Elfsborg,IFE,30,670,GAIS,GAIS,,,2026-11-29T00:00:00Z,False,False,,
237,2615471,30,4,244,IFK Göteborg,GBG,3,3056,IK Sirius,IKS,,,2026-11-29T00:00:00Z,False,False,,
238,2615476,30,10,2594,Kalmar FF,KFF,12,195,AIK,AIK,,,2026-11-29T00:00:00Z,False,False,,
239,2615472,30,1,993,Malmö FF,MFF,21,2352,BP,BP,,,2026-11-29T00:00:00Z,False,False,,
240,2615475,30,29,6211,Västerås SK,VSK,2,1987,Hammarby,HAM,,,2026-11-29T00:00:00Z,False,False,,
